title,revenue,budget,popularity,voteAverage
Pirates of the Caribbean: At World's End,961000000,300000000,31363664,6.9
Superman Returns,391081192,270000000,13284712,5.4
Spider-Man 3,890871626,258000000,27614265,5.9
Harry Potter and the Half-Blood Prince,933959197,250000000,19083723,7.4
Avatar,2787965087,237000000,185070892,7.2
The Chronicles of Narnia: Prince Caspian,419651413,225000000,12490891,6.3
X-Men: The Last Stand,459359555,210000000,867943,6.3
King Kong,550000000,207000000,19761164,6.6
Titanic,1845034188,200000000,2688907,7.5
Terminator 3: Rise of the Machines,435000000,200000000,20818907,5.9
Spider-Man 2,783766341,200000000,10834506,6.7
Pirates of the Caribbean: Dead Man's Chest,1065659812,200000000,29455314,7
Quantum of Solace,586090727,200000000,1367812,6.1
Terminator Salvation,371353001,200000000,16507496,5.9
A Christmas Carol,325233863,200000000,12869273,6.6
2012,769653595,200000000,16698628,5.6
The Dark Knight,1004558444,185000000,123167259,8.3
Indiana Jones and the Kingdom of the Crystal Skull,786636033,185000000,12577266,5.7
"The Chronicles of Narnia: The Lion, the Witch and the Wardrobe",748806957,180000000,1813542,6.7
The Golden Compass,372234864,180000000,11481379,5.8
WALL¬∑E,521311860,180000000,16088366,7.8
Waterworld,264218220,175000000,16885184,5.9
Troy,497409852,175000000,15387275,6.9
Evan Almighty,173000000,175000000,9156877,5.3
Monsters vs Aliens,381509870,175000000,14243634,6
Up,735099082,175000000,19330884,7.8
G.I. Joe: The Rise of Cobra,302469017,175000000,11787058,5.6
Wild Wild West,222104681,170000000,9887602,5.1
The Polar Express,305875730,165000000,1427536,6.4
Speed 2: Cruise Control,164508066,160000000,11268531,4.1
The 13th Warrior,61698899,160000000,10308026,6.4
Van Helsing,300257475,160000000,12643312,6
Poseidon,181674817,160000000,6581669,5.5
Shrek the Third,798958165,160000000,14072479,6
Alexander,167298192,155000000,13498641,5.6
Tarzan,448000000,150000000,12453452,7.1
The Matrix Reloaded,738599701,150000000,16229317,6.7
The Matrix Revolutions,424988211,150000000,15368205,6.4
Master and Commander: The Far Side of the World,212011111,150000000,8693298,6.9
Shrek 2,919838758,150000000,1622986,6.7
Charlie and the Chocolate Factory,474968763,150000000,22038405,6.7
Batman Begins,374218673,150000000,28505341,7.5
Chicken Little,314432665,150000000,18584609,5.6
Harry Potter and the Goblet of Fire,895921036,150000000,24903058,7.5
Mission: Impossible III,397850012,150000000,15687983,6.5
Casino Royale,599045960,150000000,23065078,7.3
Ratatouille,623722818,150000000,2050803,7.5
Meet the Robinsons,169332978,150000000,10529576,6.7
Transformers,709709780,150000000,5587707,6.6
Harry Potter and the Order of the Phoenix,938212738,150000000,213643,7.4
Bee Movie,287594577,150000000,8774374,5.7
I Am Legend,585349010,150000000,11379355,6.9
The Incredible Hulk,163712074,150000000,19125537,6.1
Hancock,624029371,150000000,11017324,6.2
Madagascar: Escape 2 Africa,603900354,150000000,12668733,6.2
Bolt,309979994,150000000,15580915,6.3
The Curious Case of Benjamin Button,333932083,150000000,17934821,7.3
X-Men Origins: Wolverine,373062864,150000000,1456541,6.2
Star Trek,385680446,150000000,15362632,7.4
Angels & Demons,356613439,150000000,22211558,6.5
Night at the Museum: Battle of the Smithsonian,413106170,150000000,15417181,5.9
Transformers: Revenge of the Fallen,836297228,150000000,4351756,6
G-Force,292817841,150000000,9163791,5.1
Flushed Away,64459316,149000000,9922577,6
The Alamo,25819961,145000000,12240901,5.8
The Mummy: Tomb of the Dragon Emperor,401128639,145000000,14250227,5.2
Armageddon,553799566,140000000,13235112,6.5
Lethal Weapon 4,285444603,140000000,14470551,6.3
Pearl Harbor,449220945,140000000,11419388,6.6
Men in Black II,441818803,140000000,16775716,6.1
Die Another Day,431971116,140000000,12996474,5.8
Treasure Planet,109578115,140000000,16141913,7.2
Pirates of the Caribbean: The Curse of the Black Pearl,655011224,140000000,47326665,7.5
The Last Samurai,456758981,140000000,19582325,7.3
Lemony Snicket's A Series of Unfortunate Events,209073645,140000000,12817945,6.7
Rush Hour 3,258022233,140000000,9718111,6.1
Iron Man,585174222,140000000,22073099,7.4
Spider-Man,821708551,139000000,29413341,6.8
Final Fantasy: The Spirits Within,85131830,137000000,10223851,5.9
Hulk,245360480,137000000,15422638,5.3
The World Is Not Enough,361832400,135000000,12130127,6
Stealth,76932943,135000000,1389018,4.9
Miami Vice,163794509,135000000,1172545,5.7
Stuart Little,300135367,133000000,83595,5.8
War of the Worlds,591739379,132000000,19929377,6.2
Godzilla,379014294,130000000,11295121,5.3
Bad Boys II,273339556,130000000,8191436,6.3
Harry Potter and the Prisoner of Azkaban,789804554,130000000,28460276,7.7
Sahara,119269486,130000000,8946243,5.7
Kingdom of Heaven,211643158,130000000,16296471,6.6
Fantastic 4: Rise of the Silver Surfer,289047763,130000000,12924254,5.4
National Treasure: Book of Secrets,457363168,130000000,12854373,6.1
Kung Fu Panda,631744560,130000000,16897541,6.9
Watchmen,185258983,130000000,16551503,7
Australia,49554002,130000000,9566135,6.3
Dinosaur,354248063,127500000,9998415,6.2
The Island,162949164,126000000,11443647,6.5
Batman & Robin,238207122,125000000,17038824,4.2
Mission: Impossible II,546388105,125000000,1897178,5.9
Harry Potter and the Philosopher's Stone,976475550,125000000,38187238,7.5
The Day After Tomorrow,544272402,125000000,15049695,6.2
The Da Vinci Code,767820459,125000000,18566706,6.5
How the Grinch Stole Christmas,345141403,123000000,11642462,6.2
A Bug's Life,363258859,120000000,16869209,6.8
The Perfect Storm,325756637,120000000,18911961,6.2
Atlantis: The Lost Empire,186053725,120000000,10901602,6.7
Star Wars: Episode II - Attack of the Clones,649398328,120000000,14072511,6.4
Stuart Little 2,169956806,120000000,9274909,5.4
Charlie's Angels: Full Throttle,259175788,120000000,7821116,5.2
King Arthur,203567857,120000000,8862107,6.1
"I, Robot",347234916,120000000,1443075,6.7
Cars,461983149,120000000,18907948,6.6
Speed Racer,93945766,120000000,7134168,5.7
Dante's Peak,178127760,116000000,7240753,5.8
The Aviator,102000000,116000000,986738,7
True Lies,378882411,115000000,11396099,6.8
Star Wars: Episode I - The Phantom Menace,924317558,115000000,15649091,6.4
Lara Croft: Tomb Raider,274703340,115000000,15851722,5.7
"Monsters, Inc.",562816256,115000000,26419962,7.5
Windtalkers,77628265,115000000,7455875,5.8
Star Wars: Episode III - Revenge of the Sith,850000000,113000000,13165421,7.1
Tomorrow Never Dies,333011068,110000000,17159576,6
The Patriot,215294342,110000000,15960788,6.8
X2,407711549,110000000,913096,6.8
Home on the Range,103951461,110000000,8555544,5.7
Around the World in 80 Days,72178895,110000000,7825072,5.7
Ocean's Twelve,362744280,110000000,11869347,6.4
Mr. & Mrs. Smith,478207520,110000000,15724373,6.5
Night at the Museum,574480841,110000000,16661966,6.4
Ghost Rider,228738393,110000000,11902354,5.2
Live Free or Die Hard,383531464,110000000,14886039,6.4
Ali,87713825,107000000,9303104,6.7
Starship Troopers,121214377,105000000,14412644,6.7
The Chronicles of Riddick,115772733,105000000,5060352,6.3
"10,000 BC",266000000,105000000,1399377,5.1
The Princess and the Frog,267045765,105000000,16616517,6.7
Gladiator,457640427,103000000,23186667,7.9
Swordfish,147080413,102000000,9646208,6.1
Minority Report,358372926,102000000,20666063,7.1
Batman Forever,336529144,100000000,13321354,5.2
Terminator 2: Judgment Day,520000000,100000000,22661695,7.7
The Hunchback of Notre Dame,100138851,100000000,13553999,6.8
Eraser,242295562,100000000,6919314,5.6
Sleepy Hollow,206071502,100000000,11072361,6.9
End of Days,211989043,100000000,962371,5.5
Bicentennial Man,93700000,100000000,9369918,6.9
What Lies Beneath,155464351,100000000,9500497,6.3
The Emperor's New Groove,169327687,100000000,12297375,7.2
A.I. Artificial Intelligence,235926552,100000000,13249364,6.8
Planet of the Apes,362211740,100000000,17319836,5.6
K-19: The Widowmaker,35168966,100000000,7718723,6.1
The Adventures of Pluto Nash,7103973,100000000,8903754,4.4
Harry Potter and the Chamber of Secrets,876688482,100000000,29741452,7.4
Gangs of New York,193772504,100000000,14922399,7.1
Peter Pan,121975011,100000000,898628,6.9
Hidalgo,108103450,100000000,8140709,6.5
Catwoman,82102379,100000000,13340272,4.2
National Treasure,347451894,100000000,18932203,6.4
Constantine,230884728,100000000,9615691,6.6
Fantastic Four,330579719,100000000,19382082,5.5
Fun with Dick and Jane,202026112,100000000,13473381,5.9
Happy Feet,384335608,100000000,15088318,5.9
Blood Diamond,170877916,100000000,12477872,7.4
Eragon,249288105,100000000,9851133,4.9
American Gangster,266465037,100000000,9644542,7.4
Fred Claus,97838349,100000000,5502098,5.5
Land of the Lost,68688831,100000000,7642063,5.4
The Taking of Pelham 1 2 3,150166126,100000000,1509911,6.2
Cloudy with a Chance of Meatballs,242988466,100000000,11665693,6.5
Where the Wild Things Are,100086793,100000000,1236223,6.4
Cutthroat Island,10017322,98000000,7284477,5.7
The Mummy Returns,433013274,98000000,16945657,6
The Mask of Zorro,250288523,95000000,11348096,6.3
The Road to El Dorado,76432727,95000000,8755188,7
Hollow Man,190213455,95000000,7912103,5.6
Lara Croft Tomb Raider: The Cradle of Life,156505388,95000000,13076349,5.5
Driven,54744738,94000000,5310558,4.5
Finding Nemo,940335536,94000000,25497794,7.6
The Lord of the Rings: The Return of the King,1118888979,94000000,29324358,8.1
The Lord of the Rings: The Fellowship of the Ring,871368364,93000000,32070725,8
Metropolis,650422,92620000,14487867,8
Twister,494471524,92000000,8739144,6.1
Charlie's Angels,264105545,92000000,9774985,5.6
Spy Game,143049560,92000000,18186839,6.8
Black Hawk Down,172989651,92000000,10064446,7.2
The Incredibles,631442092,92000000,22220214,7.4
Tropic Thunder,188072649,92000000,8980941,6.5
Die Hard: With a Vengeance,366101666,90000000,15138855,6.9
Judge Dredd,113493481,90000000,8184815,5.4
The Devil's Own,140807547,90000000,10675073,5.9
The Fifth Element,263920180,90000000,2430526,7.3
Men in Black,589390539,90000000,15781024,6.9
Contact,171120329,90000000,14374866,7.2
Mulan,304320254,90000000,21180857,7.6
Meet Joe Black,142940100,90000000,14026744,6.9
Enemy of the State,250649836,90000000,12978751,6.7
Babe: Pig in the City,69131860,90000000,6229629,5.3
Payback,161626121,90000000,9112008,6.7
The Insider,60289912,90000000,113569,7.3
Toy Story 2,497366869,90000000,17547693,7.3
Supernova,14828081,90000000,5496624,4.9
Mission to Mars,60874615,90000000,9021107,5.7
Gone in Sixty Seconds,237202299,90000000,14091765,6.1
Cast Away,429632142,90000000,21296343,7.5
Rush Hour 2,347325802,90000000,8345985,6.4
The Haunted Mansion,182290266,90000000,11605735,5.1
The Stepford Wives,102000000,90000000,1081552,5.4
The Departed,289847354,90000000,18515448,7.9
Flags of Our Fathers,65900249,90000000,9224494,6.7
The Spiderwick Chronicles,162839667,90000000,11133784,6.3
You Don't Mess with the Zohan,201596308,90000000,13116461,5.5
Ice Age: Dawn of the Dinosaurs,886686817,90000000,12980624,6.5
Sherlock Holmes,524028679,90000000,1568604,7
Cinderella Man,108539911,88000000,6363884,7.3
The Brothers Grimm,105316267,88000000,1566148,5.6
Hannibal,351692268,87000000,248875,6.4
Seabiscuit,148336445,87000000,7851669,6.8
Arthur and the Invisibles,107944236,86000000,11621534,6
Awake,14373825,86000000,7076062,6.3
Last Action Hero,137298489,85000000,9434006,6.1
Hercules,252712101,85000000,14048694,7.3
Air Force One,315156409,85000000,12173291,6.2
What Dreams May Come,71485043,85000000,11218378,6.8
102 Dalmatians,183611771,85000000,7668752,5.1
Ocean's Eleven,450717150,85000000,12114932,7.2
Collateral Damage,78382433,85000000,10175503,5.5
Showtime,77741732,85000000,4917863,5.3
The Rundown,80916492,85000000,8304835,6.4
Bewitched,131426169,85000000,9276085,4.8
Memoirs of a Geisha,162242962,85000000,7680762,7.3
The Fast and the Furious: Tokyo Drift,158468292,85000000,2238808,6.1
Open Season,197309027,85000000,11744242,6.1
The Holiday,194168700,85000000,14043416,6.7
Charlotte's Web,144000000,85000000,10254314,5.8
The Good Shepherd,59908565,85000000,11057536,6.3
Ocean's Thirteen,311312624,85000000,1216276,6.5
Surf's Up,149044513,85000000,11526339,5.9
I Now Pronounce You Chuck & Larry,186072214,85000000,6645799,5.8
Enchanted,340487652,85000000,11447798,6.6
Hellboy II: The Golden Army,160388063,85000000,11928661,6.5
Jumper,222231186,85000000,1103897,5.9
Horton Hears a Who!,297138014,85000000,8326699,6.3
Fast & Furious,363164265,85000000,1498902,6.5
It's Complicated,219103655,85000000,9083133,6.2
Nutty Professor II: The Klumps,123307945,84000000,6671316,4.7
Scooby-Doo,275650703,84000000,8592826,5.4
The Flintstones in Viva Rock Vegas,59468275,83000000,6053595,4.4
Click,237681299,82500000,9796552,6
Man on the Moon,47434430,82000000,13217419,6.9
The 6th Day,96085477,82000000,841311,5.7
The Longest Yard,190320568,82000000,7349843,6.2
Red Cliff,127814609,80341000,11867516,7.1
Mission: Impossible,457696359,80000000,15793477,6.7
Space Jam,250200000,80000000,11054251,6.5
Daylight,159212469,80000000,11995799,5.8
Ransom,309492681,80000000,8772188,6.4
The Manchurian Candidate,96105910,80000000,7991677,7.7
Batman Returns,280000000,80000000,15001681,6.6
Face/Off,245676146,80000000,11467391,6.8
Flubber,177977226,80000000,7016942,5.3
The Postman,17626234,80000000,6537407,6.1
Lost in Space,136159423,80000000,12000579,5
Message in a Bottle,118880016,80000000,5101392,5.9
Analyze This,176885658,80000000,7634017,6.4
Life,73345029,80000000,7579444,6.4
The Mummy,415885488,80000000,23984065,6.6
The Haunting,91188905,80000000,8967638,5.2
Fantasia 2000,90874570,80000000,14972573,7
The Legend of Bagger Vance,39459427,80000000,9034884,6.4
Red Planet,33463969,80000000,8534176,5.4
Thirteen Days,34566746,80000000,10204559,6.9
Evolution,98376292,80000000,5395127,5.7
The Time Machine,123729176,80000000,8918134,5.8
Spirit: Stallion of the Cimarron,122563539,80000000,16724836,7.4
Lilo & Stitch,145771527,80000000,18469238,7.1
Road to Perdition,181001478,80000000,13426684,7.3
Bruce Almighty,484572835,80000000,15947524,6.4
S.W.A.T.,116643346,80000000,13334952,5.8
Looney Tunes: Back in Action,68514844,80000000,13666488,5.6
Timeline,43935763,80000000,6982762,5.4
Something's Gotta Give,266728738,80000000,8524847,6.3
The Manchurian Candidate,96105964,80000000,10796939,6.2
Exorcist: The Beginning,78000586,80000000,1302369,4.7
A Sound of Thunder,5989640,80000000,4980191,4.8
Spanglish,55041367,80000000,11202764,5.8
The Interpreter,162944923,80000000,12047671,6.2
Meet the Fockers,516642939,80000000,11876386,6.1
The Great Raid,10166502,80000000,14987902,6.8
Ice Age: The Meltdown,660940780,80000000,16646029,6.5
The Wild,37384046,80000000,7904333,5.1
Over the Hedge,343397247,80000000,9382953,6.3
The Invasion,15071514,80000000,5228837,5.7
Get Smart,230685453,80000000,1135779,6
Eagle Eye,178066569,80000000,14324875,6.3
Four Christmases,163733697,80000000,7210383,5.3
The Day the Earth Stood Still,233093859,80000000,9265322,5.2
Bedtime Stories,212874442,80000000,10739419,5.9
Red Cliff Part II,121059225,80000000,7309903,7.1
Public Enemies,214104620,80000000,10364794,6.5
Surrogates,122444772,80000000,16211937,5.9
Nine,53825515,80000000,5658857,5.1
The Lord of the Rings: The Two Towers,926287400,79000000,29423537,8
Cold Mountain,173013509,79000000,9645543,6.7
Duplicity,60000000,78146652,9097953,5.7
Red Dragon,209196298,78000000,2968157,6.7
Daredevil,179179718,78000000,11415558,5
The League of Extraordinary Gentlemen,179265204,78000000,10488765,5.7
The Adventures of Rocky & Bullwinkle,35134820,76000000,11880936,3.9
2 Fast 2 Furious,236350661,76000000,232462,6.2
Children of Men,69959751,76000000,14114606,7.4
The Rock,335062621,75000000,13249824,6.9
Independence Day,816969268,75000000,17634197,6.7
Con Air,224012234,75000000,11545982,6.5
Conspiracy Theory,136982834,75000000,14261798,6.5
Sphere,13100000,75000000,7124735,5.8
Deep Impact,140464664,75000000,11644633,5.9
Practical Magic,46683377,75000000,7757795,6.3
Soldier,14567883,75000000,7970031,6.1
Virus,14010690,75000000,7116537,5
Forces of Nature,93888180,75000000,7906035,5.1
The Out-of-Towners,29000000,75000000,9019881,5.1
The Astronaut's Wife,19598588,75000000,14705865,5.5
Three Kings,108000000,75000000,12287636,6.6
Backdraft,152368585,75000000,9883727,6.4
Titan A.E.,36754634,75000000,7515631,6.3
Unbreakable,248118121,75000000,1467855,6.9
Vertical Limit,215663859,75000000,6548229,5.9
Monkeybone,5409517,75000000,8893957,4.2
Osmosis Jones,13596911,75000000,6405831,6
Bandits,67631903,75000000,13136791,6.2
Domestic Disturbance,54249294,75000000,6353996,5.4
We Were Soldiers,114660784,75000000,1134706,6.7
Anger Management,195745823,75000000,9409379,5.9
Hollywood Homicide,51142659,75000000,11080439,5
50 First Dates,196482882,75000000,11134888,6.6
The Bourne Supremacy,288500217,75000000,2040426,7.2
Shark Tale,367275019,75000000,17999273,5.8
Robots,260696994,75000000,12949715,6
Madagascar,532680671,75000000,16136217,6.6
The Legend of Zorro,142400065,75000000,8940007,5.9
Lady in the Water,42285169,75000000,8704554,5.3
Monster House,140175006,75000000,15402378,6.3
D√©j√† Vu,180557550,75000000,14922904,6.6
The Simpsons Movie,527068851,75000000,14302911,6.9
Charlie Wilson's War,119000410,75000000,9979162,6.5
Wanted,258270008,75000000,12457896,6.4
Valkyrie,200276000,75000000,8635464,6.7
Funny People,61458982,75000000,9900376,5.6
Alvin and the Chipmunks: The Squeakquel,443140005,75000000,9909961,5.3
Two Brothers,62172050,74500000,5300303,6.9
Snake Eyes,103891409,73000000,11604533,5.8
The Bone Collector,151493655,73000000,8884406,6.5
Talladega Nights: The Ballad of Ricky Bobby,162966177,72500000,6936688,6.2
Braveheart,210000000,72000000,20755149,7.7
The Last Castle,27642707,72000000,9807552,7
The Majestic,37317558,72000000,8063684,6.6
Signs,408247917,72000000,11211568,6.4
Jarhead,96889998,72000000,9997032,6.6
Doctor Dolittle,294456605,71000000,9439079,5.4
Cliffhanger,255000211,70000000,9830853,6.1
The Abyss,90000098,70000000,9809585,7.1
Die Hard 2,240031094,70000000,18785984,6.6
Mars Attacks!,101371017,70000000,1563424,6.1
Seven Years in Tibet,131457682,70000000,11483493,7
Alien: Resurrection,162000000,70000000,1557784,5.9
Hard Rain,19870567,70000000,6363405,5.5
Six Days Seven Nights,164000000,70000000,18324219,5.6
Saving Private Ryan,481840909,70000000,21758054,7.9
The Siege,116672912,70000000,9019114,6.1
Star Trek: Insurrection,118000000,70000000,9538877,6.3
The Prince of Egypt,218613188,70000000,11898185,6.9
A Civil Action,56702901,70000000,9353499,6.1
Runaway Bride,309457509,70000000,8919469,5.8
The Iron Giant,23159305,70000000,15441459,7.6
Chill Factor,11263966,70000000,3062626,5.3
Double Jeopardy,177841558,70000000,10876463,6.2
Who Framed Roger Rabbit,329803958,70000000,1678596,7.2
Hook,300854823,70000000,14508137,6.7
What Women Want,374111707,70000000,9963079,6.1
Dr. Dolittle 2,176104344,70000000,7906683,4.9
Hart's War,32287044,70000000,14116474,5.9
Bad Company,65977295,70000000,9540021,5.4
xXx,277448382,70000000,12722381,5.8
Ballistic: Ecks vs. Sever,19924033,70000000,9094558,4.3
I Spy,33561137,70000000,10404277,5.2
Tears of the Sun,85632458,70000000,10614987,6.4
Big Fish,122919055,70000000,14739983,7.6
Man on Fire,130293714,70000000,9635691,7.3
AVP: Alien vs. Predator,171183863,70000000,12636205,5.6
Sky Captain and the World of Tomorrow,57958696,70000000,964113,5.7
The Phantom of the Opera,154648887,70000000,7682562,7
Hitch,368100420,70000000,1335076,6.3
Munich,130358911,70000000,9668761,7
Rumor Has It...,88933562,70000000,6158212,5.3
Basic Instinct 2,38629478,70000000,15321902,4.6
The Guardian,55011732,70000000,10031817,6.8
Dreamgirls,154937680,70000000,7739633,6.6
Next,76066841,70000000,941746,5.9
Stardust,135560026,70000000,14784525,7.2
The Bourne Ultimatum,442824138,70000000,18173269,7.3
The Kingdom,86658558,70000000,13842333,6.5
The Brave One,69766619,70000000,118027,6.4
Beowulf,195735876,70000000,9951195,5.5
Dragon Wars: D-War,53587404,70000000,6280906,4
Fool's Gold,111231041,70000000,94548,5.4
Babylon A.D.,72108608,70000000,9273808,5.4
Body of Lies,113280098,70000000,12886125,6.5
Yes Man,225990978,70000000,9756289,6.4
Inglourious Basterds,319131050,70000000,1689564,7.9
Couples Retreat,171844840,70000000,15152577,5.3
Planet 51,104945765,70000000,1044244,5.6
The Saint,118063304,68000000,1097633,5.9
Mystery Men,29762011,68000000,10466306,5.7
Enemy at the Gates,96976270,68000000,10704813,7.2
The Score,71069884,68000000,14741992,6.7
Vanilla Sky,203388341,68000000,10071057,6.5
The Sum of All Fears,193000000,68000000,9268136,5.9
Dreamcatcher,75715436,68000000,7694847,5.2
Last Man Standing,47267001,67000000,11845918,6.2
The Last Legion,25303038,67000000,8920545,5
The X Files,189198313,66000000,12311615,6.6
Entrapment,212404396,66000000,1062333,6
Hellboy,99318987,66000000,13206854,6.5
Jumanji,262797249,65000000,17015539,6.9
The Long Kiss Goodnight,89456761,65000000,14482345,6.4
I Still Know What You Did Last Summer,40002112,65000000,11023042,5.1
You've Got Mail,250821495,65000000,10237996,6.3
My Favorite Martian,36850101,65000000,1265102,5.1
Eyes Wide Shut,162091208,65000000,13268484,7.1
Blue Streak,117758500,65000000,6229424,6.1
Total Recall,261317921,65000000,12954444,7.1
The Kid,69700000,65000000,15045725,6
Space Cowboys,128884132,65000000,745761,6.3
A Knight's Tale,117487473,65000000,1090061,6.6
The Santa Clause 2,172855065,65000000,5205729,5.5
Hudson Hawk,17218080,65000000,9782014,5.4
Collateral,217764291,65000000,13455112,7
Blade: Trinity,128905366,65000000,18860681,5.7
Zathura: A Space Adventure,64321501,65000000,10695639,6.1
We Are Marshall,43545364,65000000,5401746,6.7
Zodiac,84785914,65000000,19083823,7.3
300,422610419,65000000,18108408,7
Sex and the City,415252786,65000000,9170332,6
Step Brothers,128107642,65000000,8579638,6.5
Astro Boy,44091067,65000000,13293466,6.1
The Lovely Bones,93525586,65000000,12738789,6.6
Random Hearts,74608570,64000000,4140398,5.3
Little Man,101595121,64000000,7067602,5.3
Get Carter,19412993,63600000,6047757,4.8
Wyatt Earp,25052000,63000000,9277147,6.5
Jurassic Park,920100000,63000000,8863776,7.6
Rambo III,189015611,63000000,11624866,5.7
The Matrix,463517383,63000000,33366332,7.9
Fight Club,100853753,63000000,63869599,8.3
Austin Powers in Goldmember,296655431,63000000,8786653,5.9
World Trade Center,162945894,63000000,13332102,5.9
The American President,107879496,62000000,6318445,6.5
Clear and Present Danger,215887717,62000000,7513245,6.4
Lolita,1060056,62000000,10618141,7
U-571,127666415,62000000,7879924,6.1
3000 Miles to Graceland,18720175,62000000,476448,5.8
Matchstick Men,65565672,62000000,5539265,6.9
√Üon Flux,52304001,62000000,12201912,5.4
The Love Guru,41819064,62000000,6258666,4.3
Shooter,95696996,61000000,14246918,6.9
Perfect Stranger,73090611,60795000,9925255,5.4
Heat,187436818,60000000,17924927,7.7
Money Train,35431113,60000000,7337906,5.4
Under Siege 2: Dark Territory,104324083,60000000,7490247,5.6
Interview with the Vampire,223664608,60000000,11970205,7.2
Junior,37000000,60000000,6710215,4.7
The Relic,33956608,60000000,7699967,5.8
Days of Thunder,157920733,60000000,7046753,5.9
Jingle All the Way,129832389,60000000,7898202,5.5
Event Horizon,26673242,60000000,11335072,6.4
Fire Down Below,16000000,60000000,783099,5
The Truman Show,264118201,60000000,13155901,7.8
The Jackal,159330280,60000000,11131917,6.1
The Horse Whisperer,186883563,60000000,7685548,6.7
U.S. Marshals,102367405,60000000,8462364,6.2
A Perfect Murder,128038368,60000000,9430812,6.3
The Avengers,48585416,60000000,9562953,4.4
Antz,171757863,60000000,16025625,6
Psycho,37141130,60000000,6715898,4.8
The General's Daughter,149705852,60000000,14039655,6.1
Deep Blue Sea,73648228,60000000,7493615,5.6
The Messenger: The Story of Joan of Arc,66976317,60000000,9471838,6.2
The Green Mile,284600000,60000000,1996678,8.2
Far and Away,137783840,60000000,7472753,6.3
Rules of Engagement,71000000,60000000,10278274,6
Almost Famous,47383689,60000000,9086699,7.4
15 Minutes,56359980,60000000,12149946,5.7
Along Came a Spider,105178561,60000000,13214068,6.1
Shrek,484409218,60000000,17987728,7.3
Cats & Dogs,93375151,60000000,8142251,5
A Beautiful Mind,313542341,60000000,1193646,7.7
Dragonfly,52322400,60000000,4924078,6.2
The Scorpion King,165333180,60000000,9488117,5.3
The Bourne Identity,214034224,60000000,21040126,7.3
Reign of Fire,43061982,60000000,13067306,6
Analyze That,55003135,60000000,9927412,5.7
Star Trek: Nemesis,67312826,60000000,11367801,6.1
Two Weeks Notice,93354918,60000000,7738531,5.9
The Core,74208267,60000000,11664861,5.5
Daddy Day Care,164433867,60000000,6504927,5.6
The Italian Job,176070171,60000000,13995044,6.6
Sinbad: Legend of the Seven Seas,26288320,60000000,8388773,6.6
Intolerable Cruelty,119940815,60000000,13469862,5.8
Runaway Jury,80154140,60000000,8810961,6.9
Paycheck,96269812,60000000,12571789,5.9
Starsky & Hutch,170268750,60000000,10776138,5.6
The Terminal,219417255,60000000,14092373,7.1
The Village,256697520,60000000,8172707,6.2
Ladder 49,74541707,60000000,7650411,6.2
Alfie,13395939,60000000,10411608,5.5
After the Sunset,61347797,60000000,11945666,6
xXx: State of the Union,71073932,60000000,19144611,4.7
Doom,55987321,60000000,11953553,5
Cheaper by the Dozen 2,129181830,60000000,7101422,5.8
The Sentinel,77920346,60000000,12915358,5.8
Flyboys,17800000,60000000,5460942,6.3
Bridge to Terabithia,137587063,60000000,8460206,7
Norbit,95673607,60000000,7667874,5
The Heartbreak Kid,127766650,60000000,9149612,5.7
Alvin and the Chipmunks,361366633,60000000,11805233,5.5
The Happening,163403799,60000000,622229,4.9
Meet Dave,50650079,60000000,11542926,5.1
The Spirit,39031337,60000000,5762005,4.7
Righteous Kill,73174566,60000000,7094624,5.9
Marley & Me,244082376,60000000,9729748,6.9
The Tale of Despereaux,50877145,60000000,12364579,5.8
Inkheart,57490374,60000000,13570926,6
Coraline,124596398,60000000,16639915,7.3
State of Play,87784194,60000000,8905732,6.7
The Soloist,31720158,60000000,11328316,6.6
Year One,62357900,60000000,10087637,4.6
Invictus,122233971,60000000,9109838,7
Ice Age,383257136,59000000,17328902,7.1
GoldenEye,352194034,58000000,14686036,6.6
The Cotton Club,25928721,58000000,9508061,6.5
Just Like Heaven,102854431,58000000,8351773,6.5
Leatherheads,41299492,58000000,937102,5.7
Did You Hear About the Morgans?,85280250,58000000,7323405,5.1
Demolition Man,159055768,57000000,11626116,6.4
DragonHeart,115267375,57000000,2363659,6.4
The Devil's Advocate,152944660,57000000,10920124,7.2
The Mexican,147845033,57000000,9958406,5.8
Captain Corelli's Mandolin,62112895,57000000,9243715,5.6
Rock Star,16991902,57000000,10076223,6
Thunderbirds,28283637,57000000,14363421,4.2
Elizabethtown,52034889,57000000,1182081,6.1
Gods and Generals,12923936,56000000,5374563,6.1
Walking Tall,57223890,56000000,10577565,6
The Pacifier,113006880,56000000,781645,5.8
Pocahontas,346079773,55000000,13280069,6.7
First Knight,127600435,55000000,15178338,5.9
Disclosure,214015089,55000000,11812244,5.9
Stargate,196567262,55000000,13328924,6.8
Forrest Gump,677945399,55000000,48307194,8.2
Executive Decision,121969216,55000000,13106291,5.8
The Fan,18626419,55000000,12202063,5.7
Evita,141047179,55000000,6709803,5.9
Turbulence,11466088,55000000,5304043,5.2
Metro,31987563,55000000,10519481,5.3
City of Angels,198685114,55000000,8228219,6.5
Ronin,41610884,55000000,9672094,6.8
Superman,300218018,55000000,15460102,6.9
Any Given Sunday,100230832,55000000,10571434,6.8
Death Becomes Her,149022650,55000000,11017417,6.3
Shanghai Noon,56932305,55000000,10308442,6.2
Meet the Parents,330444045,55000000,14178281,6.6
Ishtar,14375181,55000000,3986985,4.3
Tango & Cash,63408614,55000000,7507261,6.1
Maid in Manhattan,154906693,55000000,7291939,5.6
The Hunted,34234008,55000000,7481524,6
American Wedding,231449203,55000000,14397139,6
Stuck on You,33828318,55000000,696675,5.1
D-Tox,6416302,55000000,13374415,5.4
Flightplan,223387299,55000000,12419851,6.1
16 Blocks,65664721,55000000,11887779,6.2
The Pursuit of Happyness,307077295,55000000,20981716,7.7
All the King's Men,9450897,55000000,7991168,5.7
3:10 to Yuma,70016220,55000000,18079094,6.9
Elizabeth: The Golden Age,74237563,55000000,7608243,6.6
The Forbidden Kingdom,127906624,55000000,6997601,6.3
City of Ember,17869048,55000000,8061467,6.2
Changeling,113020255,55000000,11672394,7.3
Seven Pounds,168167691,55000000,21708267,7.5
The Nutty Professor,128769345,54000000,9651581,5.4
101 Dalmatians,320689294,54000000,11470748,5.6
The Godfather: Part III,136766062,54000000,17185349,7.1
Superman II,190458706,54000000,10301621,6.5
Blade II,155010032,54000000,1705064,6.3
Gigli,7266209,54000000,11415316,3.5
V for Vendetta,132511035,54000000,20214422,7.7
"You, Me and Dupree",130431368,54000000,8570085,5.4
Crimson Tide,157387195,53000000,8657365,7
Anastasia,139804348,53000000,11911173,7.4
Blow,83282296,53000000,12332223,7.4
Angel Eyes,29700000,53000000,53962,5.5
Be Cool,95226116,53000000,13314233,5.4
Law Abiding Citizen,126690726,53000000,16639047,7.2
Moulin Rouge!,179213434,52500000,13691781,7.4
Casino,116112375,52000000,10137389,7.8
Apollo 13,355237933,52000000,18761467,7.3
The Thin Red Line,98126565,52000000,9783966,7.2
Erin Brockovich,256271286,52000000,10135446,7.1
Catch Me If You Can,352114312,52000000,19833077,7.7
Hostage,77944725,52000000,9686638,6.2
The Break-Up,204999686,52000000,6327193,5.6
Mamma Mia!,609841637,52000000,10534437,6.4
Eastern Promises,55112356,51500000,9897909,7.2
The Bachelor,36911617,51000000,5061725,4.5
"Me, Myself & Irene",149270999,51000000,995456,6.1
Barnyard,72779000,51000000,6984949,5.3
Assassins,30303072,50000000,11065939,6
Fair Game,11534477,50000000,5912223,4.1
Broken Arrow,150270147,50000000,14957626,5.7
Jade,9851610,50000000,11418917,5.1
Casper,287928194,50000000,12812539,6
Congo,152022101,50000000,7260574,5
The Scarlet Letter,10382407,50000000,6752119,5.5
Outbreak,189859560,50000000,13676444,6.4
Beverly Hills Cop III,119208989,50000000,11787784,5.5
Terminal Velocity,16478900,50000000,8012225,5
Striptease,113309743,50000000,11341502,4.4
Chain Reaction,60209334,50000000,15874491,5.3
Escape from L.A.,42277365,50000000,12229381,5.6
The Chamber,22540359,50000000,3998494,5.9
The Ghost and the Darkness,75000000,50000000,10789928,6.4
Alien¬≥,159773545,50000000,17126768,6.2
Jerry Maguire,273552592,50000000,11807601,6.7
Absolute Power,50068310,50000000,766124,6.4
G.I. Jane,48169156,50000000,937934,6
The Game,109423648,50000000,14825587,7.5
Mad City,10541523,50000000,4909738,5.9
As Good as It Gets,314178011,50000000,9374049,7.2
Gremlins 2: The New Batch,41482207,50000000,14383185,6.3
The Negotiator,44547681,50000000,765502,6.8
Santa Claus: The Movie,23717291,50000000,11690532,6.1
Patch Adams,202292902,50000000,1252181,7
The Mod Squad,13260050,50000000,3826503,4.1
The Story of Us,58900031,50000000,5769957,5.9
The Hurricane,73956241,50000000,5716009,7.2
Annie,57059003,50000000,8997507,6.2
Exit Wounds,79958599,50000000,12280827,5.3
Don't Say a Word,100020092,50000000,6824871,6
Baby's Day Out,16671505,50000000,12508518,5.8
Murder by Numbers,56714147,50000000,9645801,6
Unfaithful,119137784,50000000,896839,6.3
Mr. Deeds,171269535,50000000,6674356,5.6
Blood Work,26199517,50000000,5852263,6.1
How to Lose a Guy in 10 Days,177371441,50000000,5188107,6.3
Shanghai Knights,88323487,50000000,7469778,6
The Life of David Gale,38955598,50000000,9930326,7.3
Basic,42792561,50000000,14327717,6.2
Out of Time,55495563,50000000,10738888,6.1
The Big Bounce,6808550,50000000,6496271,5
Twisted,25195000,50000000,5376246,5.3
On Deadly Ground,49000000,50000000,6678661,4.6
Raising Helen,49718611,50000000,12448933,5.9
Garfield,200804534,50000000,10003679,5.2
Shall We Dance?,170128460,50000000,9082538,5.9
Bridget Jones: The Edge of Reason,40203020,50000000,778817,6.1
The Ring Two,161451538,50000000,1615818,5.5
The Life Aquatic with Steve Zissou,34808403,50000000,6936677,7.1
The Hitchhiker's Guide to the Galaxy,104478416,50000000,13257255,6.6
The Adventures of Sharkboy and Lavagirl,69425966,50000000,6477862,4.4
Herbie Fully Loaded,66002004,50000000,935239,5.1
The Dukes of Hazzard,110803676,50000000,9039467,5.1
Domino,22944502,50000000,6394143,6
Oliver Twist,42093706,50000000,12369935,6.7
Into the Blue,44434439,50000000,10022102,5.8
Stay,8342132,50000000,6572049,6.5
Syriana,94000000,50000000,5768575,6.3
Underworld: Evolution,111340801,50000000,12496805,6.4
Curious George,69834815,50000000,12602502,6.1
Failure to Launch,128406887,50000000,9438013,5.5
The Shaggy Dog,61112916,50000000,4878907,4.5
Silent Hill,97607453,50000000,7938457,6.3
RV,87528173,50000000,11511424,5.6
The Ant Bully,55181129,50000000,7000272,5.5
The Black Dahlia,49111202,50000000,6506572,5.7
Perfume: The Story of a Murderer,132180323,50000000,10297304,7.1
Hannibal Rising,82169884,50000000,2159558,6
Sunshine,32017803,50000000,12715571,7
Goya's Ghosts,9448082,50000000,591265,6.6
Hairspray,90450008,50000000,7768045,6.5
Sweeney Todd: The Demon Barber of Fleet Street,152000000,50000000,10038401,7
Rambo,113244290,50000000,991556,6.4
Outlander,7033683,50000000,14611182,6.1
The International,60161391,50000000,6583609,6
Street Fighter: The Legend of Chun-Li,12764201,50000000,6660188,3.9
Knowing,155446362,50000000,9806904,5.9
The Boat That Rocked,36348784,50000000,8395618,7.2
Race to Witch Mountain,106303988,50000000,8176147,5.4
Gamer,40828540,50000000,9730681,5.6
The Twilight Saga: New Moon,709827462,50000000,30121292,5.6
Basic Instinct,352927224,49000000,16628427,6.5
The One,72700000,49000000,9769047,5.7
The Adventures of Ford Fairlane,20423389,49000000,3834949,6.2
Super Mario Bros.,20915465,48000000,7198455,4
Robin Hood: Prince of Thieves,390493908,48000000,10639244,6.6
Indiana Jones and the Last Crusade,474171806,48000000,14788987,7.6
Out of Sight,77745568,48000000,7349812,6.5
The Thomas Crown Affair,124305181,48000000,10961226,6.7
Bedazzled,90383208,48000000,8781588,5.6
Traffic,207515725,48000000,8338222,6.9
Rat Race,85498534,48000000,12330275,6
Riding in Cars with Boys,35743308,48000000,4556123,6.5
K-PAX,50315140,48000000,12400152,7.1
Panic Room,196397415,48000000,14969502,6.6
The Ring,249348933,48000000,13740965,6.5
Scary Movie 3,220673217,48000000,11142209,5.8
Mary Reilly,12379402,47000000,12866139,5.7
The Cable Guy,102825796,47000000,7586577,5.7
Dick Tracy,103738726,47000000,8304776,5.9
The Bonfire of the Vanities,15691192,47000000,5507082,5.3
Solaris,30002758,47000000,10642824,5.9
1492: Conquest of Paradise,7191399,47000000,11618792,6.1
Happily N'Ever After,38085778,47000000,13139893,4.6
The Adventures of Baron Munchausen,8083123,46630000,7753416,6.9
The Flintstones,341631208,46000000,15019586,5
Courage Under Fire,100860818,46000000,11595316,6.2
Star Trek: First Contact,150000000,46000000,8808497,7
Shaft,107196498,46000000,7420019,5.5
Insomnia,113714830,46000000,11424974,6.8
Showgirls,20350754,45000000,17502375,4.9
Mary Shelley's Frankenstein,112006296,45000000,14287753,6.1
The Specialist,170362582,45000000,10388183,5.5
The Client,117615211,45000000,15263829,6.4
I Love Trouble,61947267,45000000,3570874,5.3
The Lion King,788241776,45000000,21605761,8
The Phantom,17300889,45000000,8079541,4.7
Jack,58620973,45000000,6287245,5.9
Tin Cup,53854588,45000000,624966,5.9
Shadow Conspiracy,2154540,45000000,3733574,4
Liar Liar,302710615,45000000,10102471,6.4
Anaconda,136885767,45000000,14386089,4.8
Deep Rising,11203026,45000000,6922458,6
Blade,131183530,45000000,15043454,6.5
The Pelican Brief,195268056,45000000,8708306,6.3
Universal Soldier: The Return,10667893,45000000,7805145,4.2
Galaxy Quest,90683916,45000000,15831374,6.9
Patriot Games,178051587,45000000,11075674,6.4
Chicken Run,224834564,45000000,11834245,6.5
Coyote Ugly,113916474,45000000,15650836,5.8
Miss Congeniality,212000000,45000000,9510762,6.1
Scary Movie 2,141220678,45000000,10869056,5.4
Training Day,104876233,45000000,13664622,7.3
Intersection,21355893,45000000,8295437,5.1
Changing Lanes,94935764,45000000,781862,5.9
Chicago,306776732,45000000,13325347,6.9
"Legally Blonde 2: Red, White & Blonde",124914842,45000000,7288046,5.2
Taking Lives,65470529,45000000,785646,6
Resident Evil: Apocalypse,129394835,45000000,7850797,6.1
Surviving Christmas,14793624,45000000,8698971,5.1
Flight of the Phoenix,21009180,45000000,15434731,5.7
Unleashed,50871113,45000000,790583,6.6
Kicking & Screaming,56070433,45000000,9875573,5.6
Rebound,16809014,45000000,4373457,5.2
Four Brothers,92374674,45000000,684109,6.7
"Yours, Mine & Ours",72028752,45000000,10238422,5.7
The Producers,38058335,45000000,5037224,6.1
Last Holiday,38399961,45000000,553836,6.4
Firewall,82800000,45000000,6500892,5.6
Inside Man,184376254,45000000,13393548,7.3
Scary Movie 4,178262620,45000000,13096692,5.3
Pathfinder,30822861,45000000,11101549,5.4
Resident Evil: Extinction,148412065,45000000,3009134,6.1
Love in the Time of Cholera,4607608,45000000,520735,6.5
The Bucket List,175372502,45000000,9070643,7
Journey to the Center of the Earth,101702060,45000000,10419974,5.8
Death Race,73762516,45000000,1353003,6
Bangkok Dangerous,42487390,45000000,6576009,5
Miracle at St. Anna,9323833,45000000,11221186,6.3
Aliens in the Attic,57881056,45000000,11618472,5.3
Nixon,13681765,44000000,5092,7.1
The Fugitive,368875760,44000000,1008937,7.2
Sleepers,165615285,44000000,9198283,7.3
Rambo: First Blood Part II,300400432,44000000,11924462,6.3
Battlefield Earth,21400000,44000000,5276926,3
Heaven's Gate,3484331,44000000,4393576,6.5
Finding Forrester,80049764,43000000,10536255,7
The Sweetest Thing,68696770,43000000,8889064,5.3
Elektra,56681566,43000000,13802674,4.9
Monster-in-Law,154749918,43000000,6328385,5.6
The Skeleton Key,91974818,43000000,10947957,6.4
Strange Days,7959291,42000000,11223055,6.8
The Firm,270248367,42000000,9678367,6.6
The Rocketeer,62000000,42000000,10536644,6.3
Rocky V,119946358,42000000,14007329,5.3
Notting Hill,363889678,42000000,9874043,7
Reindeer Games,32168970,42000000,1211759,5.3
Original Sin,35402320,42000000,9970359,5.8
High Crimes,63781810,42000000,8371005,6.1
Along Came Polly,171963386,42000000,15725542,5.8
The Forgotten,117575636,42000000,640146,5.5
Lord of War,24127895,42000000,8745216,7
Ponyo,187479518,41677699,8470945,7.5
The Whole Nine Yards,106371651,41300000,12061521,6.3
8 Mile,215000000,41000000,8374355,6.8
"I Love You, Man",91636986,41000000,12929653,6.5
Trading Places,90400000,40600000,14285052,7.1
Boomerang,70100000,40000000,6506983,5.4
Color of Night,19726050,40000000,14228963,5.4
In the Line of Fire,176997168,40000000,12637158,6.8
Renaissance Man,24332324,40000000,4985157,5.9
Sliver,116300000,40000000,1123297,4.9
A Time to Kill,152266007,40000000,13309013,7
The Island of Dr. Moreau,49627779,40000000,12725343,4.6
Dracula,215862692,40000000,16777675,7.1
The Preacher's Wife,48093211,40000000,4182641,5.4
The Last of the Mohicans,75505856,40000000,15228794,7.1
Spawn,87840042,40000000,11366417,5
The Rainmaker,45916769,40000000,6683398,6.7
Quest for Camelot,38172500,40000000,1302535,6.9
Small Soldiers,54682547,40000000,1003936,6.2
Back to the Future Part II,332000000,40000000,13689855,7.4
Back to the Future Part III,244527583,40000000,13043999,7.1
Dune,30925690,40000000,9261189,6.5
Honey I Blew Up the Kid,58662452,40000000,12337898,4.8
The Little Mermaid,222300000,40000000,17496832,7.2
Nothing but Trouble,8479793,40000000,1039662,5
A Few Good Men,243240178,40000000,12330249,7.1
8MM,96618699,40000000,7473718,6.1
The Sixth Sense,672806292,40000000,18449169,7.7
The Talented Mr. Ripley,128798265,40000000,1165502,7.1
A League of Their Own,107458785,40000000,10852038,6.8
Scream 3,161834276,40000000,9738371,5.7
The Beach,144056873,40000000,14430311,6.3
Hanging Up,36037909,40000000,6474767,5
JFK,205405498,40000000,13813146,7.5
The Art of War,30199105,40000000,9800232,5.6
Pay It Forward,55707411,40000000,10479723,7
The Living Daylights,191185897,40000000,12189038,6.2
Sweet November,65754228,40000000,14840318,6.4
For the Boys,23202444,40000000,10336913,6.5
The Musketeer,27053815,40000000,4260945,5.2
Big Trouble,8493890,40000000,5761051,6.3
Shallow Hal,141069860,40000000,12520688,5.7
Behind Enemy Lines,91753202,40000000,11185625,6
Life or Something Like It,16872671,40000000,6332398,5.7
FearDotCom,18902015,40000000,5160215,3.2
City By The Sea,22433915,40000000,3903016,5.7
Extreme Ops,10959475,40000000,2947411,5
Pinocchio,41323171,40000000,6463613,5.6
Johnny English,160583018,40000000,8739991,6
Memoirs of an Invisible Man,14358033,40000000,6064099,5.7
Duplex,19322135,40000000,12160363,5.9
Love Actually,244931766,40000000,10586815,7
Gothika,141591324,40000000,10939066,5.8
Cheaper by the Dozen,190212113,40000000,7364297,6
Torque,46546197,40000000,5574983,4.7
Secret Window,92913171,40000000,9524283,6.4
The Whole Ten Yards,26155781,40000000,715606,5.5
Enemy Mine,12303411,40000000,9802889,6.7
The Princess Diaries 2: Royal Engagement,95149435,40000000,8248895,6
Ray,124731534,40000000,10603762,7.2
Havana,9243140,40000000,1010753,5.5
Sin City,158733820,40000000,15010525,7.2
House of Wax,68766121,40000000,7163099,5.5
Wedding Crashers,285176741,40000000,11100597,6.4
Corpse Bride,117195061,40000000,12920032,7.2
Get Rich or Die Tryin',46442528,40000000,9820229,6.3
Rent,31670620,40000000,9530278,6.7
Big Momma's House 2,138259062,40000000,7622875,5.4
Eight Below,120455994,40000000,13876881,6.7
The Lake House,114830111,40000000,12589019,6.5
Marie Antoinette,60474340,40000000,8852557,6.5
Black Gold,5446000,40000000,6652197,5.9
The Illusionist,86915017,40000000,11494009,7.1
The Wicker Man,38755073,40000000,9423256,4
Apocalypto,120175290,40000000,7735233,7.3
Stormbreaker,23937870,40000000,8778999,5.1
The Prestige,109676311,40000000,1694556,8
Music and Lyrics,145896422,40000000,7196688,6.2
The Reaping,62771059,40000000,9825841,5.4
Aliens vs Predator: Requiem,41797066,40000000,10793324,4.9
The Water Horse,103071443,40000000,5083211,6.3
Vantage Point,151161491,40000000,7001645,6.3
Pirates,1641825,40000000,3916952,6.2
Made of Honor,84601681,40000000,6417385,6
The Children of Huang Shi,7400000,40000000,14622493,6.5
The Express,9793496,40000000,4929912,7.1
He's Just Not That Into You,177259441,40000000,8376094,6.2
Confessions of a Shopaholic,108332743,40000000,8198789,6.1
The Proposal,317375031,40000000,8058337,6.7
Julie & Julia,129540499,40000000,8142089,6.6
Christopher Columbus: The Discovery,8251071,40000000,5996407,4.3
The Final Destination,186167139,40000000,8805723,5.4
Whiteout,12206028,40000000,7759722,5.3
Shorts,28972508,40000000,4021983,5.1
Amelia,19258519,40000000,5308718,5.4
Cirque du Freak: The Vampire's Assistant,28169671,40000000,10829432,5.5
Fantastic Mr. Fox,46471023,40000000,8695893,7.5
Ninja Assassin,60462347,40000000,9163897,6.2
Superman III,75850624,39000000,9614638,5.3
Coming to America,288752301,39000000,7830087,6.5
Against the Ropes,6614280,39000000,1381022,4.5
Serenity,38869464,39000000,11919995,7.4
Shoot 'Em Up,26820641,39000000,7259086,6.3
The Time Traveler's Wife,101229792,39000000,13682598,6.7
White Squall,10300000,38000000,9568604,6.3
Star Trek: Generations,120000000,38000000,8105708,6.4
James and the Giant Peach,28921264,38000000,13217623,6.2
Extreme Measures,17380126,38000000,4990506,5.7
The Doors,34416893,38000000,7829619,6.7
My Best Friend's Wedding,299288605,38000000,4678572,6.4
MouseHunt,122417389,38000000,6456233,6.2
Indecent Proposal,266614059,38000000,7118123,5.8
The Deep End of the Ocean,28121100,38000000,578468,6
Ride with the Devil,635096,38000000,7059308,6.6
Sister Act 2: Back in the Habit,57319029,38000000,12986842,5.9
The Ninth Gate,58401898,38000000,11316349,6.3
The Fast and the Furious,207283925,38000000,1406181,6.6
Another 48 Hrs.,153518974,38000000,6938921,5.8
Enough,51801187,38000000,6681287,6.2
Spy Kids 2: The Island of Lost Dreams,119723358,38000000,7164131,5.3
Spy Kids 3-D: Game Over,197011982,38000000,8025145,4.7
Pulse,29907685,38000000,10307277,5
Virgin Territory,5410749,38000000,6100498,4.3
Push,45465299,38000000,11596222,5.9
The Ugly Truth,205298907,38000000,8450799,6.4
The Rescuers Down Under,47431461,37931000,1562471,6.6
Freedomland,14655628,37665000,5388535,5.2
Switchback,6482195,37000000,3742824,5.8
Howard the Duck,37962774,37000000,10722672,5.1
Ghostbusters II,215394738,37000000,16414239,6.3
Magnolia,48451803,37000000,9091636,7.5
The Princess Diaries,165335153,37000000,7387171,6.5
13 Going on 30,96455697,37000000,12632595,6.3
White Chicks,113086475,37000000,7723341,6.3
Nim's Island,100076342,37000000,7558125,5.6
Space Chimps,63800345,37000000,6212702,5.1
Burn After Reading,163720069,37000000,13206799,6.5
Twilight,392616625,37000000,31282029,5.8
The Inhabited Island,21834845,36500000,2047794,5.4
Matilda,33459416,36000000,10034915,6.9
The People vs. Larry Flynt,20300385,36000000,9178371,6.8
Breakdown,50159144,36000000,7926621,6.6
Gattaca,12532777,36000000,1289312,7.5
Amistad,74000000,36000000,2263584,6.8
John Q,102244770,36000000,8867562,7
A Man Apart,44350926,36000000,17714247,5.8
Never Say Never Again,160000000,36000000,10231985,5.8
At Play in the Fields of the Lord,1345903,36000000,2151436,5.8
Winged Migration,20217080,35866397,368993,7.1
Sudden Death,64350171,35000000,523158,5.5
Species,113374103,35000000,13492845,5.5
The Swan Princess,9771658,35000000,8910462,6.5
Little Buddha,4858139,35000000,5681522,6
Street Fighter,99423521,35000000,1358449,4.1
Geronimo: An American Legend,18635620,35000000,4653462,5.9
Batman,411348924,35000000,1910673,7
The Horseman on the Roof,15000000,35000000,1690768,6.7
Cape Fear,182300000,35000000,10302735,7
Star Trek: The Motion Picture,139000000,35000000,8277765,6.2
Under Siege,156563139,35000000,9918269,6.1
Donnie Brasco,41954997,35000000,12201954,7.4
Anna Karenina,791830,35000000,5660835,6.4
L.A. Confidential,126216940,35000000,10989442,7.7
For Richer or Poorer,31611225,35000000,8412203,5.6
Midnight in the Garden of Good and Evil,25105255,35000000,5145907,6.3
Species II,19165560,35000000,13495247,4.5
Lethal Weapon 3,321731527,35000000,10786007,6.4
Willow,57269863,35000000,9918312,6.9
Blast from the Past,40263020,35000000,8355977,6.3
RoboCop 2,45681173,35000000,10969876,5.6
Predator 2,57120318,35000000,11736241,6
What About Bob?,63710000,35000000,11787942,6.7
Supergirl,14296438,35000000,11932675,4.7
Bounce,36779296,35000000,13349518,5.5
Dungeons & Dragons,15185241,35000000,4884311,3.9
The Pledge,29400000,35000000,12806634,6.6
The Wedding Planner,94728529,35000000,8056016,5.4
Empire of the Sun,22238696,35000000,10220906,7.3
Spy Kids,147934180,35000000,9576745,5.5
American Outlaws,13678913,35000000,10855383,5.7
From Hell,74558115,35000000,779014,6.6
Flash Gordon,27107960,35000000,6346979,6.1
The Count of Monte Cristo,75395048,35000000,10765924,7.3
Queen of the Damned,45479110,35000000,8436243,5.5
The Bad News Bears,35323292,35000000,8399441,7
The Four Feathers,29882645,35000000,6894153,6.5
Ghost Ship,68349884,35000000,13955376,5.3
Femme Fatale,16838910,35000000,6426438,6.2
The Best Little Whorehouse in Texas,69701637,35000000,2171346,5.9
The Pianist,120072577,35000000,14811594,8.1
Dennis the Menace,117270765,35000000,10378902,5.5
Down with Love,20298207,35000000,9392508,6.1
Oscar,23562716,35000000,6137796,6.2
The Order,11560806,35000000,5370818,4.8
School of Rock,131282949,35000000,1795142,6.8
Radio Flyer,4651977,35000000,5618237,6.6
1941,31755742,35000000,7812379,5.6
Jersey Girl,36098382,35000000,5706507,5.8
Little Black Book,22034832,35000000,5093704,5.2
Cursed,19294901,35000000,8949722,5.1
Guess Who,68915888,35000000,671898,5.5
Sky High,86369815,35000000,8061423,5.8
Valiant,19478106,35000000,11836827,5.2
Two for the Money,30526509,35000000,9003792,5.9
North Country,25224242,35000000,8781298,6.9
Bandidas,10496317,35000000,19294832,5.8
The Devil Wears Prada,326551094,35000000,13102384,7
Zoom,12506188,35000000,11967444,4.9
The Fountain,15304890,35000000,11577121,6.8
A Good Year,42064105,35000000,782187,6.5
License to Wed,69307224,35000000,7102076,5.3
Lions for Lambs,63215872,35000000,580986,6
Walk Hard: The Dewey Cox Story,18317151,35000000,7219935,6.6
Untraceable,32483410,35000000,785217,5.9
Welcome Home Roscoe Jenkins,43650785,35000000,4386145,5.7
21,69823199,35000000,833756,6.5
Superhero Movie,25871834,35000000,7876483,4.9
What Happens in Vegas,170000000,35000000,10054226,5.8
Mirrors,72436439,35000000,8612618,6
Max Payne,85416905,35000000,1008043,5.2
Revolutionary Road,75225693,35000000,12265867,6.8
Underworld: Rise of the Lycans,91353501,35000000,11654958,6.2
Hotel for Dogs,73034460,35000000,6317992,5.7
The Young Victoria,27409889,35000000,8437587,7.1
The Hangover,459270619,35000000,23947351,7.2
Hannah Montana: The Movie,155545279,35000000,6332878,6
Old Dogs,92219310,35000000,952295,5.2
Big Daddy,234801895,34200000,8011869,6.2
Natural Born Killers,50282766,34000000,11226856,6.9
The Age of Innocence,32255440,34000000,8013617,7
Malcolm X,48169908,34000000,14207001,7.3
Moonraker,210308099,34000000,10576273,5.9
Summer Catch,19693891,34000000,5499867,4.8
Paradise,18634643,34000000,7176726,5.6
TMNT,95608995,34000000,11358363,6
